"ID","Title","Status","Target","Content","Media URL","Created At"
"post-1","PureLife Organics — Cortisol Belly","approved","Solo ecommerce founders doing $2-10M/year","""Doing This Deflated My Cortisol Belly.""

This brand is printing.

PureLife Organics. 156 active ads. 41 days on this exact ad.

UGC. Woman lifting her shirt. No fancy fucking studio. Just a real person with a real gut problem.

Nobody knows what cortisol is but it sounds scientific enough to stop the scroll. ""Deflated"" hits different than ""lose weight."" It's visual. You can feel it.

They niched down HARD. Stressed women 40+ who've tried everything. That specificity is why their CPMs are stupid low.

Cortisol is the new gut health. Test this angle yesterday.

NOW GO FUCKING PRINT 🔥

2/2

Want to find ads like this instantly? 

I use @GetHookdAI to spy on 70M+ winning ads. They scrape 110,000+ brands daily on Facebook.

→ See what's converting in your niche
→ Swipe proven hooks & angles  
→ Skip months of trial & error

Try it free: gethookd.ai","/media/purelife_cortisol.mp4","2026-03-08T00:17:18.287Z"
"post-2","Happy Mammoth — Hormone Harmony","approved","Solo ecommerce founders doing $2-10M/year","""At 52, I got my figure back.""

This brand is printing.

Happy Mammoth. 89 active ads. Just hit me with this line.

Not some bullshit before/after. A real woman saying she feels like herself again.

That line does more work than 99% of supplement ads. It's not selling hormones or botanicals. It's selling getting your life back.

Menopause market is fucking massive. Most brands talk about ingredients.

This brand talks about transformation.

NOW GO FUCKING PRINT 🔥

2/2

Want to find ads like this instantly? 

I use @GetHookdAI to spy on 70M+ winning ads. They scrape 110,000+ brands daily on Facebook.

→ See what's converting in your niche
→ Swipe proven hooks & angles  
→ Skip months of trial & error

Try it free: gethookd.ai","/media/happy_mammoth.jpg","2026-03-08T00:17:18.288Z"
"post-3","O Positiv / URO — Vaginal Health Vitamin","approved","Solo ecommerce founders doing $2-10M/year","""I used to avoid sex. Now I want him all the time.""

This brand is printing.

O Positiv. 67 active ads. That's the ad copy. On Facebook. And it's working.

O Positiv went straight for the emotional outcome. Better sex life. Everyone else in this space says ""supports vaginal pH balance."" Nobody gives a shit.

UGC selfie. Woman holding the product. Bright pink bottle. Looks like a friend recommending it, not a brand selling you something.

Women's health is wide open for brands willing to talk like real people. If your ad copy reads like a doctor's note, you've already lost.

NOW GO FUCKING PRINT 🔥","/media/opositiv_vitamin.jpg","2026-03-08T00:17:18.288Z"
"post-4","Purely Nutrient — Black Seed Oil / Parasite Hook","approved","Solo ecommerce founders doing $2-10M/year","""Watch what happens when you put a parasite in contact with Oregano Oil.""

This brand is printing.

Purely Nutrient. 234 active ads. Microscope footage of a parasite dying. On your feed. While you're eating breakfast.

You can't NOT watch it. And once you're watching a parasite squirm, you're buying whatever kills it.

Purely Nutrient isn't even selling oregano oil. They're selling black seed oil. The parasite video is just the hook. Bait and switch but make it educational.

Parasite cleanse market is blowing up. People are convinced they have parasites.

Smart brands are riding that wave.

NOW GO FUCKING PRINT 🔥","/media/purely_nutrient_blackseed.mp4","2026-03-08T00:17:18.288Z"
"post-5","Dr. Blane Schilling — Surgeon Contrarian Authority","approved","Solo ecommerce founders doing $2-10M/year","""For years, I believed it was the right thing to do...""

This brand is printing.

Dr. Blane Schilling. 43 active ads. 200+ knee replacements. Full scrubs. Hospital hallway.

And he's telling you surgery might not be the answer.

A surgeon saying NOT to get surgery. Your brain short-circuits. Goes against everything you'd expect.

Authority marketing at its peak. Real doctor. Real setting. Contrarian angle. Impossible to ignore.

After that hook the ad doesn't even need to be good. You're already thinking ""wait, what does he recommend instead?""

Selling a joint supplement without doctor authority content? One hand tied behind your back.

NOW GO FUCKING PRINT 🔥","/media/dr_blane_joint.jpg","2026-03-08T00:17:18.288Z"
"post-6","SereneSkincare — PDRN Patches","approved","Solo ecommerce founders doing $2-10M/year","""I'm 42 and people think I'm in my early 30s.""

This brand is printing.

SereneSkincare. PDRN patches.

Testimonial lead. Simple.

PDRN. Most people have never heard of it. It's not retinol. It's not collagen. It's NEW. And ""new"" in skincare is crack for women scrolling Facebook at 10pm.

Patches as delivery? Genius. Not another cream or serum. A patch feels medical. Feels like it actually does something.

Anti-aging is a $60B market and crowded as hell. But find a novel mechanism people haven't seen 10,000 times and you carve out space fast.

NOW GO FUCKING PRINT 🔥","/media/serene_skincare.mp4","2026-03-08T00:17:18.288Z"
"post-7","FemiClear — Taboo Health Niche","approved","Solo ecommerce founders doing $2-10M/year","""Before you panic... watch this.""

This brand is printing.

FemiClear. 145 active ads. 34 days running. Selling a herpes treatment. On Facebook. With a woman in a lab coat.

Most brands wouldn't touch this. That's exactly why FemiClear is crushing it. Zero creative competition because everyone's too scared.

That hook is doing therapy and selling product at the same time.

The doctor figure removes the shame. Makes it medical, not personal. The person seeing this ad has been too embarrassed to go to the pharmacy. And here's a solution in their feed that looks legitimate.

Taboo health niches are goldmines. Less competition. Desperate buyers. High LTV because they NEED the product.

NOW GO FUCKING PRINT 🔥","/media/femiclear.mp4","2026-03-08T00:17:18.288Z"
"post-8","Savanna Skin — Tanning Gummies","approved","Solo ecommerce founders doing $2-10M/year","This brand is printing.

Woman laying in bed, tanned, cheeky text on her back.

Doesn't feel like an ad. Feels like a meme your friend sent you.

Savanna Skin cracked the code. In a feed full of ""CLINICAL STUDIES SHOW"" bullshit, this looks like entertainment.

Entertainment gets engagement. Engagement gets sales.

Perfect DTC product. Consumable. Repeat purchase. Before/after content makes itself.

Nobody's scrolling past ""gummies that make you tan."" Too weird NOT to click.

NOW GO FUCKING PRINT 🔥","/media/savanna_skin.jpg","2026-03-08T00:17:18.288Z"
"post-9","Emunah Beauty — Hair Vitamins Specialist Listicle","approved","Solo ecommerce founders doing $2-10M/year","""I've tested hundreds of hair vitamins. Here are the top 5 that actually work.""

This brand is printing.

Emunah Beauty. Hair vitamins. But the ad isn't from the brand — it's from a ""Certified Trichologist & Scalp Specialist.""

Doesn't feel like an ad. Feels like expert advice. You trust it immediately.

Clean creative. Split layout — problem on the left, solution on the right. Your eye goes straight to ""which ones made the cut?""

This isn't even Emunah's page running the ad. It's the specialist's page. Brand pays the expert, expert recommends the product, customer trusts the expert. Everyone wins.

Not running a ""specialist reviews top 5"" format? Test it this week. Works across every health niche.

NOW GO FUCKING PRINT 🔥","/media/emunah_hair.jpg","2026-03-08T00:17:18.288Z"
"post-10","Try UltimaPeak — Shilajit/Ashwagandha/Sea Moss Stack","approved","Solo ecommerce founders doing $2-10M/year","This brand is printing.

POV hook looking down at your feet in the bathroom. You have no idea what's coming.

That's the point.

UltimaPeak found the three most hyped men's health ingredients on TikTok and put them in one gummy. That's not innovation — that's reading the room.

""See results in 6-8 weeks."" Under-promise. Guys feel something in 2 weeks, think it's a miracle.

That's how you get organic reviews and repeat orders.

Trend-jack ingredients while they're hot. Don't invent anything. Combine what's already working.

NOW GO FUCKING PRINT 🔥","/media/ultimapeak.mp4","2026-03-08T00:17:18.288Z"
"post-11","Better Performance — Organ Supplements","review","Solo ecommerce founders doing $2-10M/year","""Your body is missing what modern diets removed.""

This brand is printing.

Better Performance. 298 active ads. Beef liver. Heart. Marrow. Pancreas. In a capsule.

No fancy ingredients. No proprietary blend bullshit. Just freeze-dried organs your great-grandfather ate every week.

The angle is ancestral. ""Modern diets broke you. This fixes it."" That framing turns a $15 bottle of organ pills into a $50 identity purchase.

100,000+ men buying. Retargeting with ""Still Thinking?"" at 50% off. They know their audience takes 3-4 touches.

Men's supplement market is shifting hard toward ancestral health. Seed oils are the villain. Organ meats are the hero.

If you're not in this space yet, someone else is taking your customers.

NOW GO FUCKING PRINT 🔥

2/2

Want to find ads like this instantly? 

I use @GetHookdAI to spy on 70M+ winning ads. They scrape 110,000+ brands daily on Facebook.

→ See what's converting in your niche
→ Swipe proven hooks & angles  
→ Skip months of trial & error

Try it free: gethookd.ai","/media/better_performance_organs.jpg","2026-03-08T00:17:18.288Z"
"post-12","ARMRA — Colostrum Revolution","review","Solo ecommerce founders doing $2-10M/year","""400+ bioactive nutrients that work like a blueprint for your body.""

This brand is printing.

ARMRA Colostrum. 187 active ads. 20,000+ five-star reviews. Millions of customers. And they're still spending heavy on Facebook.

Colostrum was a niche biohacker thing 2 years ago. ARMRA turned it mainstream.

How? They don't sell colostrum. They sell ""tapping into your extraordinary."" The transformation. Not the ingredient.

They stacked every trust signal: research publications, elite athletes, ""insiders everywhere."" You feel like you're late to the party.

This is what happens when a supplement brand acts like a luxury brand. Premium positioning. Premium price. Premium retention.

Colostrum is the new collagen. First movers are printing.

NOW GO FUCKING PRINT 🔥

2/2

Want to find ads like this instantly? 

I use @GetHookdAI to spy on 70M+ winning ads. They scrape 110,000+ brands daily on Facebook.

→ See what's converting in your niche
→ Swipe proven hooks & angles  
→ Skip months of trial & error

Try it free: gethookd.ai","/media/armra_colostrum.mp4","2026-03-08T00:17:18.288Z"
"post-13","Touchstone Essentials — Super Green Juice","review","Solo ecommerce founders doing $2-10M/year","""Stop letting expensive veggies rot in the fridge.""

This brand is printing.

Touchstone Essentials. 44 organic superfoods. One scoop. 30 seconds.

That opening line is doing all the work. Every person reading it has a bag of wilted spinach in their crisper right now. Instant guilt. Instant relatability.

They're not selling greens powder. They're selling the version of you that actually eats healthy without the effort.

50,000+ customers. And the genius? Subscription model on a consumable powder. You use it every morning. You never cancel.

Greens powder is a $3B market growing 8% annually. The winners aren't the ones with the most superfoods. They're the ones with the best hook.

""Your veggies are rotting"" beats ""44 superfoods"" every single time.

NOW GO FUCKING PRINT 🔥

2/2

Want to find ads like this instantly? 

I use @GetHookdAI to spy on 70M+ winning ads. They scrape 110,000+ brands daily on Facebook.

→ See what's converting in your niche
→ Swipe proven hooks & angles  
→ Skip months of trial & error

Try it free: gethookd.ai","/media/touchstone_greens.jpg","2026-03-08T00:17:18.288Z"
"post-14","Mars Men — Testosterone Gummies","review","Solo ecommerce founders doing $2-10M/year","""Fuel testosterone. Flatten belly. Feel invincible.""

This brand is printing.

Mars Men. Three promises in one sentence. That's the entire ad.

Most testosterone brands write a novel about ashwagandha studies and free testosterone levels. Nobody cares. Men want to feel like men again.

""Flatten belly"" is sneaky brilliant. It's not a testosterone benefit. It's a weight loss benefit hiding inside a testosterone ad. Two audiences, one product.

50% off plus free gifts. Aggressive offer. They're buying customers at a loss knowing the subscription math works out by month 3.

Men's health supplements are a bloodbath right now. The brands winning aren't the most scientific. They're the most direct.

Three words that hit three pain points. That's the formula.

NOW GO FUCKING PRINT 🔥

2/2

Want to find ads like this instantly? 

I use @GetHookdAI to spy on 70M+ winning ads. They scrape 110,000+ brands daily on Facebook.

→ See what's converting in your niche
→ Swipe proven hooks & angles  
→ Skip months of trial & error

Try it free: gethookd.ai","/media/mars_men_testosterone.mp4","2026-03-08T00:17:18.288Z"
"post-15","Amy Harris / TheSpa Dr — Brain Fog Perimenopause","review","Solo ecommerce founders doing $2-10M/year","""Stress doesn't make you forget words mid-sentence.""

This brand is printing.

Amy Harris selling Hormone Balance Blend for perimenopause brain fog.

Read that hook again. Every woman over 40 who's blanked on a word in a meeting just felt her stomach drop.

She doesn't open with the product. She opens with the fear. ""Am I losing it? Is this early dementia?"" That's what women are actually googling at 2am.

Then the reframe: ""It's not you. It's your hormones swinging."" Relief. Now you're ready to buy.

Subscription model. ""That's why I chose the subscription."" Social proof baked into the CTA.

Perimenopause is a $600B market that most brands are too scared to talk about directly. The ones who do? Printing.

NOW GO FUCKING PRINT 🔥

2/2

Want to find ads like this instantly? 

I use @GetHookdAI to spy on 70M+ winning ads. They scrape 110,000+ brands daily on Facebook.

→ See what's converting in your niche
→ Swipe proven hooks & angles  
→ Skip months of trial & error

Try it free: gethookd.ai","/media/amy_harris_brainfog.mp4","2026-03-08T00:17:18.288Z"
"post-16","Redmond Re-Lyte — Electrolyte Immunity","review","Solo ecommerce founders doing $2-10M/year","""Everyday wellness starts with better ingredients.""

This brand is printing.

Redmond Re-Lyte. Electrolytes meets immunity. Two categories in one product.

Most electrolyte brands fight over the fitness crowd. Re-Lyte said fuck that and went after the wellness crowd instead.

Same product format. Completely different positioning. ""Boost your body's natural immune response"" hits different than ""recover faster after your workout.""

They're running 23 days straight on this creative. In supplement advertising, that's a winner.

The real play here: category bridging. Take a commodity product (electrolytes) and attach it to a growing category (immunity). Suddenly your $25 tub competes with $45 immune supplements instead of $15 electrolyte packets.

Positioning is the moat. Not ingredients.

NOW GO FUCKING PRINT 🔥

2/2

Want to find ads like this instantly? 

I use @GetHookdAI to spy on 70M+ winning ads. They scrape 110,000+ brands daily on Facebook.

→ See what's converting in your niche
→ Swipe proven hooks & angles  
→ Skip months of trial & error

Try it free: gethookd.ai","/media/redmond_relyte.jpg","2026-03-08T00:17:18.288Z"
"post-17","MaryRuth's via Glimja — Liquid Hair Vitamin","review","Solo ecommerce founders doing $2-10M/year","""Losing hair? Don't lose hope.""

This brand is printing.

MaryRuth's Hair Growth Multivitamin. Liquid form. Tastes like berries.

Three words that reframe the entire purchase: ""Don't lose hope."" Suddenly it's not a vitamin. It's emotional support in a bottle.

Liquid format is the unlock. Everyone's tired of swallowing horse pills. ""Liquid for optimal absorption"" gives a scientific reason. ""Tastes like berries"" removes the last objection.

Running 23 days on Facebook. Gummies and liquids are eating the capsule market alive in hair vitamins.

The hair supplement space is dominated by biotin pills that taste like chalk. Any brand that makes the experience enjoyable wins on retention.

Format innovation beats ingredient innovation. Every time.

NOW GO FUCKING PRINT 🔥

2/2

Want to find ads like this instantly? 

I use @GetHookdAI to spy on 70M+ winning ads. They scrape 110,000+ brands daily on Facebook.

→ See what's converting in your niche
→ Swipe proven hooks & angles  
→ Skip months of trial & error

Try it free: gethookd.ai","/media/glimja_maryruth.jpg","2026-03-08T00:17:18.288Z"
"post-18","Forge Skin — Beef Tallow Men's Skincare","review","Solo ecommerce founders doing $2-10M/year","""12 out of 16 essential nutrients your skin needs. From beef tallow.""

This brand is printing.

Forge Skin. Beef tallow balm. For men.

Read that again. They're selling cow fat as premium skincare. And men are buying it.

The ancestral health movement created a new buying psychology: natural = masculine. Chemical = weak. Beef tallow fits perfectly into that worldview.

""Very few men know this..."" — exclusivity hook. Makes you feel like you're discovering a secret.

They don't compete with CeraVe or Jack Black. They compete with the idea that men shouldn't use ""products."" This IS different. It's meat-based. It's primal.

Men's skincare is a $30B market where 90% of brands look identical. Forge carved out a niche by making skincare feel like something a caveman would approve of.

Weird positioning wins when the market is boring.

NOW GO FUCKING PRINT 🔥

2/2

Want to find ads like this instantly? 

I use @GetHookdAI to spy on 70M+ winning ads. They scrape 110,000+ brands daily on Facebook.

→ See what's converting in your niche
→ Swipe proven hooks & angles  
→ Skip months of trial & error

Try it free: gethookd.ai","/media/forge_skin_tallow.mp4","2026-03-08T00:17:18.288Z"
"post-19","Better Performance — Ancestral Stack Retargeting","review","Solo ecommerce founders doing $2-10M/year","""Still thinking? Up to 50% off.""

This brand is printing.

Better Performance again. But this time it's the retargeting ad that caught my eye.

Four words. ""Still thinking?"" Then 50% off. That's the entire top of the ad.

They already sold you on organ supplements with the first touch. Now they just need to close. No re-education. No features. Just the nudge.

Most brands waste their retargeting budget repeating the same pitch. Better Performance strips it down to pure urgency.

""Stock is limited."" Scarcity. ""Lock in your discount now."" Urgency. Two psychological triggers, zero fluff.

Your retargeting creative should be the opposite of your prospecting creative. First touch = education. Second touch = conversion.

If your retargeting looks like your TOF, you're burning money.

NOW GO FUCKING PRINT 🔥

2/2

Want to find ads like this instantly? 

I use @GetHookdAI to spy on 70M+ winning ads. They scrape 110,000+ brands daily on Facebook.

→ See what's converting in your niche
→ Swipe proven hooks & angles  
→ Skip months of trial & error

Try it free: gethookd.ai","/media/better_performance_organs.jpg","2026-03-08T00:17:18.288Z"
"post-20","ARMRA — Premium Positioning Playbook","review","Solo ecommerce founders doing $2-10M/year","""The secret harnessed by elite athletes and insiders everywhere.""

This brand is printing.

ARMRA again. But zoom into the copy structure this time.

""Elite athletes."" ""Insiders everywhere."" ""Tap into your extraordinary."" This isn't supplement copy. This is luxury copy.

They list 7 benefit categories with scientific names: regenerative peptides, adaptogenic nutrients, mitochondrial regenerators. Nobody knows what those mean. That's the point.

Complexity signals efficacy. If it sounds like science, it must work. If it sounds simple, it's probably just another vitamin.

20,000+ reviews. Millions of customers. And they STILL lead with aspiration, not social proof.

Most brands at this scale get lazy and just run ""bestseller"" ads. ARMRA keeps selling the dream.

That's the difference between a supplement company and a supplement brand.

NOW GO FUCKING PRINT 🔥

2/2

Want to find ads like this instantly? 

I use @GetHookdAI to spy on 70M+ winning ads. They scrape 110,000+ brands daily on Facebook.

→ See what's converting in your niche
→ Swipe proven hooks & angles  
→ Skip months of trial & error

Try it free: gethookd.ai","/media/armra_colostrum.mp4","2026-03-08T00:17:18.288Z"
"post-21","Alpha Lion — Superhuman Pre-workout","review","Solo ecommerce founders doing $2-10M/year","""They told me I'd never lift again after my accident.""

This brand is printing.

Alpha Lion Superhuman. 167 active ads. One of the most aggressive pre-workout brands on Facebook.

UGC testimonial from someone who overcame injury. That's not selling a pre-workout — that's selling hope.

Most supplement brands focus on ingredients. Alpha Lion sells transformation stories.

The fitness market is oversaturated. But injury recovery? That's a blue ocean with desperate buyers who'll pay premium.

NOW GO FUCKING PRINT 🔥

2/2

Want to find ads like this instantly? 

I use @GetHookdAI to spy on 70M+ winning ads. They scrape 110,000+ brands daily on Facebook.

→ See what's converting in your niche
→ Swipe proven hooks & angles  
→ Skip months of trial & error

Try it free: gethookd.ai","/media/alpha_lion_superhuman.mp4","2026-03-08T00:17:18.288Z"
"post-22","Athletic Greens — AG1 Mainstream Push","review","Solo ecommerce founders doing $2-10M/year","""I replaced my entire supplement cabinet with this one drink.""

This brand is printing.

Athletic Greens AG1. 234 active ads. They're everywhere — podcasts, YouTube, Facebook.

Simple before/after: messy cabinet vs. one green drink. Visual storytelling at its peak.

AG1 cracked the code on positioning. It's not a greens powder — it's a ""nutritional insurance policy.""

Premium pricing ($99/month) but they've normalized it through repetition and authority marketing.

When you see a brand everywhere, they're printing. AG1 is the template.

NOW GO FUCKING PRINT 🔥

2/2

Want to find ads like this instantly? 

I use @GetHookdAI to spy on 70M+ winning ads. They scrape 110,000+ brands daily on Facebook.

→ See what's converting in your niche
→ Swipe proven hooks & angles  
→ Skip months of trial & error

Try it free: gethookd.ai","/media/athletic_greens_ag1.jpg","2026-03-08T00:17:18.288Z"
"post-23","Bloom Nutrition — Greens Powder for Women","review","Solo ecommerce founders doing $2-10M/year","""Why does my bloating disappear when I drink this?""

This brand is printing.

Bloom Nutrition. 189 active ads. They niched down HARD — greens powder specifically for women.

Pink packaging. Female founders. Women-specific messaging. They carved out space in a crowded market by being hyper-specific.

Most brands try to appeal to everyone. Bloom said ""fuck that"" and went all-in on women 18-35.

Result? They're crushing AG1 in engagement among their target demo.

Niche down or get left out.

NOW GO FUCKING PRINT 🔥

2/2

Want to find ads like this instantly? 

I use @GetHookdAI to spy on 70M+ winning ads. They scrape 110,000+ brands daily on Facebook.

→ See what's converting in your niche
→ Swipe proven hooks & angles  
→ Skip months of trial & error

Try it free: gethookd.ai","/media/bloom_nutrition_greens.mp4","2026-03-08T00:17:18.288Z"
"post-24","Gorilla Mind — Derek More Plates Authority","review","Solo ecommerce founders doing $2-10M/year","""I formulated this because I couldn't find anything that actually worked.""

This brand is printing.

Gorilla Mind. 145 active ads. Derek from More Plates More Dates built this brand on pure authority.

He's not just selling supplements. He's selling his reputation as the smartest guy in fitness.

Personal brand → product credibility → sales. That's the formula.

Most supplement brands hire influencers. Derek IS the influencer. Owns the entire funnel from content to conversion.

Authority beats everything. Build it first, monetize it second.

NOW GO FUCKING PRINT 🔥

2/2

Want to find ads like this instantly? 

I use @GetHookdAI to spy on 70M+ winning ads. They scrape 110,000+ brands daily on Facebook.

→ See what's converting in your niche
→ Swipe proven hooks & angles  
→ Skip months of trial & error

Try it free: gethookd.ai","/media/gorilla_mind_derek.jpg","2026-03-08T00:17:18.288Z"
"post-25","1st Phorm — Transformation Challenge","review","Solo ecommerce founders doing $2-10M/year","""I won $50,000 for losing weight with their products.""

This brand is printing.

1st Phorm. 278 active ads. Their Transphormation Challenge is marketing genius.

They're not selling supplements. They're selling a contest where you can win life-changing money.

Customer pays for products + gets motivated to use them because of prize money. Higher compliance = better results = more testimonials.

It's a flywheel. Better results create more success stories. More stories create more customers.

Gamify your customer journey.

NOW GO FUCKING PRINT 🔥

2/2

Want to find ads like this instantly? 

I use @GetHookdAI to spy on 70M+ winning ads. They scrape 110,000+ brands daily on Facebook.

→ See what's converting in your niche
→ Swipe proven hooks & angles  
→ Skip months of trial & error

Try it free: gethookd.ai","/media/1st_phorm_transformation.mp4","2026-03-08T00:17:18.288Z"
"post-26","Transparent Labs — Clean Label Positioning","review","Solo ecommerce founders doing $2-10M/year","""Finally, a supplement company that shows you EXACTLY what's inside.""

This brand is printing.

Transparent Labs. 134 active ads. They built their entire brand on one concept: transparency.

Full ingredient disclosure. No proprietary blends. Third-party testing. Everything the industry refuses to do.

They positioned themselves as the ""anti-supplement company"" in a market full of bullshit and fake promises.

When everyone zigs, zag. When everyone hides ingredients, show everything.

Transparency is the ultimate differentiator.

NOW GO FUCKING PRINT 🔥

2/2

Want to find ads like this instantly? 

I use @GetHookdAI to spy on 70M+ winning ads. They scrape 110,000+ brands daily on Facebook.

→ See what's converting in your niche
→ Swipe proven hooks & angles  
→ Skip months of trial & error

Try it free: gethookd.ai","/media/transparent_labs_clean.jpg","2026-03-08T00:17:18.288Z"
"post-27","Ghost — Gaming Energy Drink Crossover","review","Solo ecommerce founders doing $2-10M/year","""Why are gamers drinking this instead of Red Bull?""

This brand is printing.

Ghost. 198 active ads. They cracked the gaming market that energy drinks missed.

Branded as ""lifestyle"" not just caffeine. Gaming setups, streaming culture, esports partnerships.

Red Bull owns traditional energy. Monster owns extreme sports. Ghost said ""we own gaming.""

They turned supplements into culture. The branding is everything.

Find the subculture everyone else ignores. Make it yours.

NOW GO FUCKING PRINT 🔥

2/2

Want to find ads like this instantly? 

I use @GetHookdAI to spy on 70M+ winning ads. They scrape 110,000+ brands daily on Facebook.

→ See what's converting in your niche
→ Swipe proven hooks & angles  
→ Skip months of trial & error

Try it free: gethookd.ai","/media/ghost_gaming_energy.mp4","2026-03-08T00:17:18.288Z"
"post-28","Bucked Up — Deer Antler Velvet Hook","review","Solo ecommerce founders doing $2-10M/year","""This contains the same stuff that makes deer antlers grow back.""

This brand is printing.

Bucked Up. 156 active ads. Deer antler velvet — the weirdest supplement hook that actually works.

Nobody knows what IGF-1 is. But everyone knows deer grow back massive antlers every year.

The visual is instant understanding. Deer = strong. You want strong.

Weird sells when it's based on nature. People trust animals more than scientists.

Find the weirdest natural ingredient that makes sense visually.

NOW GO FUCKING PRINT 🔥

2/2

Want to find ads like this instantly? 

I use @GetHookdAI to spy on 70M+ winning ads. They scrape 110,000+ brands daily on Facebook.

→ See what's converting in your niche
→ Swipe proven hooks & angles  
→ Skip months of trial & error

Try it free: gethookd.ai","/media/bucked_up_deer_antler.jpg","2026-03-08T00:17:18.288Z"
"post-29","Pump Formula — Stimulant-Free Pre-workout","review","Solo ecommerce founders doing $2-10M/year","""All the pump, none of the jitters.""

This brand is printing.

Pump Formula. 89 active ads. They carved out the ""stimulant-free"" pre-workout niche.

Not everyone wants caffeine. Afternoon workouts, sleep issues, caffeine sensitivity.

Instead of competing with every other pre-workout on stimulants, they went opposite.

""Pump without the crash"" hits different when you've been burned by too much caffeine.

Contrarian positioning beats me-too products every time.

NOW GO FUCKING PRINT 🔥

2/2

Want to find ads like this instantly? 

I use @GetHookdAI to spy on 70M+ winning ads. They scrape 110,000+ brands daily on Facebook.

→ See what's converting in your niche
→ Swipe proven hooks & angles  
→ Skip months of trial & error

Try it free: gethookd.ai","/media/pump_formula_stim_free.mp4","2026-03-08T00:17:18.288Z"
"post-30","Kaged Muscle — Kris Gethin Authority","review","Solo ecommerce founders doing $2-10M/year","""I've trained over 50,000 people. This is what actually works.""

This brand is printing.

Kaged Muscle. 167 active ads. Kris Gethin's personal brand drives everything.

He's not just the founder. He's the living proof the products work.

Bodybuilding coach credibility + supplement formulator expertise = unstoppable authority.

Most founders hide behind their brand. The best founders ARE the brand.

Your face, your story, your results. That's what sells.

NOW GO FUCKING PRINT 🔥

2/2

Want to find ads like this instantly? 

I use @GetHookdAI to spy on 70M+ winning ads. They scrape 110,000+ brands daily on Facebook.

→ See what's converting in your niche
→ Swipe proven hooks & angles  
→ Skip months of trial & error

Try it free: gethookd.ai","/media/kaged_muscle_kris.jpg","2026-03-08T00:17:18.288Z"
"post-1773683412761","Bonlint — 900+ Day Ad Still Running","approved","Solo ecommerce founders","This ad has been running for 922 days straight.

Bonlint. A Norwegian brand selling a body massage simulator. 91 performance score.

922 days. That's 2.5 years of the same ad printing money on Facebook.

The hook? ""100% realistic simulation of kneading the human body.""

Not clever. Not viral. Not trendy. Just specific as hell.

Here's why it works:

→ Pain-first positioning. ""Relieve pain in shoulders, back and legs."" They don't sell relaxation. They sell relief.
→ Feature stacking with emotional anchors. ""Multi-level adjustment, intelligent temperature control."" Sounds premium without saying premium.
→ Direct CTA embedded in copy. Link right in the ad text. No friction.

Most brands kill their ads after 2 weeks of ""fatigue.""

Bonlint ran the same creative for 922 days because the targeting does the work when the message is right.

Stop rotating creatives. Start nailing the message.

2/2

Want to find ads like this instantly? 

I use @GetHookdAI to spy on 70M+ winning ads. They scrape 110,000+ brands daily on Facebook.

→ See what's converting in your niche
→ Swipe proven hooks & angles  
→ Skip months of trial & error

Try it free: gethookd.ai","","2026-03-16T17:50:12.761Z"
"post-1773683412763","Ad Autopsy — The Disgusted Question Hook","approved","Solo ecommerce founders","""Do you think your bed is clean?""

This hook made Bonlint's UV cleaner ad run for 908 days.

One question. Instant disgust. Unstoppable curiosity.

Here's the anatomy:

→ Assumption attack. Everyone thinks their bed is clean. This line makes you doubt it.
→ Emotional hijack. Disgust is the most powerful scroll-stopper. More than fear. More than desire. You HAVE to know.
→ Visual proof. ""It can even remove three thick layers of mites."" Now you're imagining mites in YOUR bed.
→ 91 performance score. Top 1% of all ads in the database.

The pattern: Ask a question that makes the viewer feel uncomfortable about something they do every day.

Works for:
- Skincare (""Think your face wash actually works?"")
- Supplements (""Know what's really in your multivitamin?"")
- Home products (""When did you last clean your pillowcase?"")

Disgust sells. Study this.

2/2

Want to find ads like this instantly? 

I use @GetHookdAI to spy on 70M+ winning ads. They scrape 110,000+ brands daily on Facebook.

→ See what's converting in your niche
→ Swipe proven hooks & angles  
→ Skip months of trial & error

Try it free: gethookd.ai","","2026-03-16T17:50:12.762Z"
"post-1773683412764","Why Long-Running Ads Beat Creative Rotation","approved","Solo ecommerce founders","Hot take: Creative fatigue is a myth for 90% of brands.

I analyzed 100 ads that ran 30+ days. The top performers?

→ 922 days (Bonlint massage)
→ 913 days (same brand, same product, slightly different angle)  
→ 908 days (UV cleaner with question hook)
→ 905 days (another Bonlint variant)
→ 904 days (same UV cleaner, different thumbnail)

All from ONE brand. All 90+ performance scores.

What they all have in common:

1. Pain-first copy. Not one of these leads with the product. They all lead with the problem.
2. Simple creative. No fancy editing. No studio shoots. Just product demos.
3. Direct response CTA in the copy. Not ""learn more."" The actual link.
4. Zero cleverness. No wordplay. No humor. Just ""you have this problem, here's the fix.""

The brands spending $50K/month on new creatives every week?

They're solving an execution problem with production.

Fix the message first. Then scale it for 900 days.

2/2

Want to find ads like this instantly? 

I use @GetHookdAI to spy on 70M+ winning ads. They scrape 110,000+ brands daily on Facebook.

→ See what's converting in your niche
→ Swipe proven hooks & angles  
→ Skip months of trial & error

Try it free: gethookd.ai","","2026-03-16T17:50:12.762Z"
"post-31","Somnia — Nasal Dilator (198 Days Active)","draft","Solo ecommerce founders","""Save Your Partner's Sleep (and Yours!)""

This ad has been running for 198 days straight. Performance score: 91.

Somnia. 10 active Meta ads. Selling a nasal dilator for snoring.

The hook? They don't sell to the snorer. They sell to the PARTNER.

""Tired of getting the elbow for snoring?"" — that's relationship pain, not health pain.

When you reframe who the buyer is, everything changes. The partner buys it as a gift. The snorer never would've bought it themselves.

Sell to the person who suffers from the problem, not the person who HAS the problem.

NOW GO FUCKING PRINT 🔥

2/2

Want to find ads like this instantly?

I use @GetHookdAI to spy on 21M+ winning ads across Facebook, TikTok & Google.

→ See what's converting in your niche
→ Swipe proven hooks & angles
→ Skip months of trial & error

Try it free: gethookd.ai","https://static-gp.gethookd.ai/media/ads_media/85321096/media-2d6635e9fc86_preview.jpg","2026-03-16T22:51:22.797Z"
"post-32","Testolite — Red Light Therapy (89 Active Ads)","draft","Solo ecommerce founders","""Is Testolite a scam?""

That's their actual headline. And it's genius.

Testolite. 89 active Meta ads. Performance score: 91. Selling a red light device for testosterone.

They open with the EXACT objection their audience is thinking. Then spend the entire ad overcoming it.

""10,000+ guys are using Testolite devices right now.""
""We've sold out three times this year.""
""60-day money-back guarantee.""

This is advertorial-style copy running as a Meta ad. Long-form. Story-driven. Objection-first.

Most brands run from objections. The best ones lead with them.

NOW GO FUCKING PRINT 🔥

2/2

Want to find ads like this instantly?

I use @GetHookdAI to spy on 21M+ winning ads across Facebook, TikTok & Google.

→ See what's converting in your niche
→ Swipe proven hooks & angles
→ Skip months of trial & error

Try it free: gethookd.ai","https://static-gp.gethookd.ai/media/ads_media/85318048/media-6db473b8c990_resized.jpg","2026-03-16T22:51:22.799Z"
"post-33","Hellobloomkids — ADHD Supplements (109 Days Active)","draft","Solo ecommerce founders","""Over-stimulated? Can't sit still? Easily frustrated?""

This brand is printing.

Hellobloomkids. 85 active Meta ads. Running for 109+ days. Performance score: 91.

Saffron + Magnesium chewables for kids with ADHD.

The hook opens with 3 symptoms every parent recognizes instantly. No jargon. No science. Just ""does this sound like your kid?""

Then: ""Turn Tantrums Into Focused Moments.""

Problem → transformation. In 6 words.

Parents don't buy ingredients. They buy the vision of a calmer child.

NOW GO FUCKING PRINT 🔥

2/2

Want to find ads like this instantly?

I use @GetHookdAI to spy on 21M+ winning ads across Facebook, TikTok & Google.

→ See what's converting in your niche
→ Swipe proven hooks & angles
→ Skip months of trial & error

Try it free: gethookd.ai","https://static-gp.gethookd.ai/media/ads_media/84922888/media-025f6d234bf1.jpg","2026-03-16T22:51:22.799Z"
"post-34","NightCare — Anti-Cellulite Oil (67 Active Ads)","draft","Solo ecommerce founders","""Thousands of women are using this collagen-infused massage oil after every shower.""

This ad has been running 36 days. Performance score: 91.

NightCare. 67 active Meta ads. Selling anti-cellulite massage oil.

The genius move? They attached the product to an EXISTING habit.

""After every shower"" — no new routine needed. Just add this one step.

The easier you make adoption, the higher your conversion rate. Attach to habits they already have.

Shower → apply oil. That's it. No 10-step routine. No lifestyle change.

Friction kills conversions. Eliminate it.

NOW GO FUCKING PRINT 🔥

2/2

Want to find ads like this instantly?

I use @GetHookdAI to spy on 21M+ winning ads across Facebook, TikTok & Google.

→ See what's converting in your niche
→ Swipe proven hooks & angles
→ Skip months of trial & error

Try it free: gethookd.ai","https://static-gp.gethookd.ai/media/ads_media/84684991/media-060bec0a866d.mp4","2026-03-16T22:51:22.799Z"
"post-35","Myth-Buster — Long Copy Is Dead? (Better Sleep, 195 Ads)","draft","Solo ecommerce founders","""Nobody reads long ad copy anymore.""

Really? Then explain this.

Better Sleep / QuietLab. 195 active Meta ads. Every single one uses long-form copy.

""Think nose strips help with snoring? Think again. Snoring has nothing to do with your nose, pillow placement, sleeping position or even weight...""

These ads read like blog posts. Paragraphs. Stories. Education.

And they're SCALING with 195 variations.

Short copy works for impulse buys. But when you're solving a real problem? Long copy educates, builds trust, and converts.

The brands spending the most on Meta are writing the MOST copy, not the least.

NOW GO FUCKING PRINT 🔥

2/2

Want to find ads like this instantly?

I use @GetHookdAI to spy on 21M+ winning ads across Facebook, TikTok & Google.

→ See what's converting in your niche
→ Swipe proven hooks & angles
→ Skip months of trial & error

Try it free: gethookd.ai","https://static-gp.gethookd.ai/media/ads_media/85255867/media-43c506448abd.mp4","2026-03-16T22:51:22.799Z"
"post-36","Myth-Buster — You Need a Unique Product (Grounding Shoes)","draft","Solo ecommerce founders","""You need a unique product to succeed in ecom.""

Nah. You need a unique ANGLE.

Indigenous Living. 49 active Meta ads. Selling grounding shoes. Performance score: 91. Running 51+ days.

Grounding shoes aren't new. Hundreds of brands sell them.

But their angle? ""Walk Grounded, Just as Nature Intended."" They wrapped a commodity product in ancestral health positioning.

Same product. Different story. Completely different market.

The product is the vehicle. The story is the engine.

NOW GO FUCKING PRINT 🔥

2/2

Want to find ads like this instantly?

I use @GetHookdAI to spy on 21M+ winning ads across Facebook, TikTok & Google.

→ See what's converting in your niche
→ Swipe proven hooks & angles
→ Skip months of trial & error

Try it free: gethookd.ai","https://static-gp.gethookd.ai/media/ads_media/84294930/media-c2af55945726.jpg","2026-03-16T22:51:22.799Z"
"post-37","Myth-Buster — Snoring Market is Saturated","draft","Solo ecommerce founders","""The snoring niche is too crowded.""

I just pulled the data on Gethookd. Let me show you what ""crowded"" looks like:

Better Sleep alone: 195 active ads.
Somnia: 10 ads, one running 198 days.
Multiple new brands entering every week.

And they're ALL scaling.

Know why? Because 45% of adults snore. The market refreshes itself every single night.

""Saturated"" means ""proven demand with high repeat purchase intent.""

If 5 brands are scaling, there's room for 50.

NOW GO FUCKING PRINT 🔥

2/2

Want to find ads like this instantly?

I use @GetHookdAI to spy on 21M+ winning ads across Facebook, TikTok & Google.

→ See what's converting in your niche
→ Swipe proven hooks & angles
→ Skip months of trial & error

Try it free: gethookd.ai","https://static-gp.gethookd.ai/media/ads_media/85255872/media-b8e36bfd0e05.mp4","2026-03-16T22:51:22.799Z"
"post-38","Framework — The 198-Day Ad Test","draft","Solo ecommerce founders","How to find ads that are PROVEN to convert:

1. Search your niche on Gethookd
2. Sort by ""days active"" — longest first
3. Any ad running 60+ days is profitable (brands don't waste money)
4. Study the TOP 3 longest-running ads

Example: This Somnia nasal dilator ad? 198 days active. Score: 91.

That ad has survived algorithm changes, creative fatigue, and budget reviews for 6+ months.

That's not luck. That's a winner.

The market already did the testing for you. Use it.

NOW GO FUCKING PRINT 🔥

2/2

Want to find ads like this instantly?

I use @GetHookdAI to spy on 21M+ winning ads across Facebook, TikTok & Google.

→ See what's converting in your niche
→ Swipe proven hooks & angles
→ Skip months of trial & error

Try it free: gethookd.ai","https://static-gp.gethookd.ai/media/ads_media/85321096/media-2d6635e9fc86_preview.jpg","2026-03-16T22:51:22.799Z"
"post-39","Framework — Reverse Engineer Any Brand's Strategy","draft","Solo ecommerce founders","Do this to reverse engineer any brand scaling on Meta:

1. Find them on Gethookd (look for 50+ active ads = serious spender)
2. Check their ad formats: what % is video vs image vs carousel?
3. Read their top 5 ad copies — what hook pattern do they repeat?
4. Visit their landing page — product page or advertorial?

Example: Hellobloomkids. 85 active ads. 109 days on their top performer.

Their pattern? Symptom-list hook → emotional transformation promise → ingredient credibility.

They repeat the same formula with different visuals. That's the playbook.

NOW GO FUCKING PRINT 🔥

2/2

Want to find ads like this instantly?

I use @GetHookdAI to spy on 21M+ winning ads across Facebook, TikTok & Google.

→ See what's converting in your niche
→ Swipe proven hooks & angles
→ Skip months of trial & error

Try it free: gethookd.ai","https://static-gp.gethookd.ai/media/ads_media/84922885/media-ee26f892f022.jpg","2026-03-16T22:51:22.799Z"
"post-40","Framework — Find Your Winning Hook in 10 Minutes","draft","Solo ecommerce founders","Do this to write hooks that convert:

1. Pull 10 winning ads in your niche (score 80+ on Gethookd)
2. Copy JUST the first line of each ad
3. Categorize them: Question? Statement? Objection? Story?
4. The category that appears most = your market's preferred hook style

Example from what I found today:

""Is Testolite a scam?"" → Objection hook
""Save Your Partner's Sleep"" → Benefit hook
""Over-stimulated? Can't sit still?"" → Symptom hook

Each market responds to a different style. Let the data tell you which one.

NOW GO FUCKING PRINT 🔥

2/2

Want to find ads like this instantly?

I use @GetHookdAI to spy on 21M+ winning ads across Facebook, TikTok & Google.

→ See what's converting in your niche
→ Swipe proven hooks & angles
→ Skip months of trial & error

Try it free: gethookd.ai","https://static-gp.gethookd.ai/media/ads_media/85318048/media-6db473b8c990_resized.jpg","2026-03-16T22:51:22.799Z"
"post-41","Niche Story — Parents of Kids with ADHD","draft","Solo ecommerce founders","The ADHD kids supplement niche is printing.

Picture this: a parent at 11pm googling ""why can't my kid focus in school.""

They've tried everything. Teachers are calling. They feel like they're failing.

Then they see an ad: ""Turn Tantrums Into Focused Moments.""

That's not a supplement. That's hope.

Hellobloomkids. 85 active Meta ads. 109 days on their top ad. Score: 91.

Saffron + Magnesium chewables. Positioned as the natural alternative to medication.

When the emotional stakes are THIS high, price doesn't matter.

NOW GO FUCKING PRINT 🔥

2/2

Want to find ads like this instantly?

I use @GetHookdAI to spy on 21M+ winning ads across Facebook, TikTok & Google.

→ See what's converting in your niche
→ Swipe proven hooks & angles
→ Skip months of trial & error

Try it free: gethookd.ai","https://static-gp.gethookd.ai/media/ads_media/84922888/media-025f6d234bf1.jpg","2026-03-16T22:51:22.800Z"
"post-42","Niche Story — Men Who Won't Admit They Snore","draft","Solo ecommerce founders","The snoring niche is absolutely unreal.

Men won't go to the doctor for snoring. They'll deny it. They'll blame the pillow. They'll say ""everyone snores.""

But their wife is sleeping in the spare room.

That's when they start googling at 2am.

Better Sleep / QuietLab. 195 active Meta ads. Running ads that say:

""Most guys think snoring is just annoying. Turns out, it also destroys focus and energy.""

They reframed snoring from ""embarrassing"" to ""performance killer."" Now men WANT to fix it.

Same product. Better angle. Massive scale.

NOW GO FUCKING PRINT 🔥

2/2

Want to find ads like this instantly?

I use @GetHookdAI to spy on 21M+ winning ads across Facebook, TikTok & Google.

→ See what's converting in your niche
→ Swipe proven hooks & angles
→ Skip months of trial & error

Try it free: gethookd.ai","https://static-gp.gethookd.ai/media/ads_media/85255869/media-57636bb33aa8.mp4","2026-03-16T22:51:22.800Z"
"post-43","Niche Story — The Grounding/Earthing Movement","draft","Solo ecommerce founders","The grounding/earthing niche is cooked.

People literally believe walking barefoot on grass fixes inflammation, sleep, anxiety, everything.

Sounds crazy? Maybe.

But the market doesn't care about your opinion. It cares about buying intent.

Grounding sheets. Grounding shoes. Grounding mats. All printing.

Tiffany Mccomb's advertorial: 132 ads. ""Investigation: Do Grounding Sheets Really Work?"" Running 17+ days. Score: 91.

Indigenous Living: 49 ads for grounding shoes. 51 days active. Score: 91.

When a belief system drives purchasing, logic doesn't matter. Conviction does.

NOW GO FUCKING PRINT 🔥

2/2

Want to find ads like this instantly?

I use @GetHookdAI to spy on 21M+ winning ads across Facebook, TikTok & Google.

→ See what's converting in your niche
→ Swipe proven hooks & angles
→ Skip months of trial & error

Try it free: gethookd.ai","https://static-gp.gethookd.ai/media/ads_media/84928289/media-cc85cd58494e.jpg","2026-03-16T22:51:22.800Z"
"post-44","Strategy Reveal — The Objection-First Ad","draft","Solo ecommerce founders","The highest-converting ad format I'm seeing right now?

The ""objection-first"" ad.

Instead of leading with benefits, lead with the EXACT doubt your customer has.

Testolite does this perfectly:

""Is Testolite a scam? We see this question come up, and honestly — we'd be asking the same thing.""

89 active Meta ads. Score: 91.

Why it works:
→ Pattern interrupt (wait, the brand is calling itself a scam?)
→ Instant trust (they're being honest)
→ The reader feels understood, not sold to

Try this: Write your next ad starting with your product's biggest objection.

NOW GO FUCKING PRINT 🔥

2/2

Want to find ads like this instantly?

I use @GetHookdAI to spy on 21M+ winning ads across Facebook, TikTok & Google.

→ See what's converting in your niche
→ Swipe proven hooks & angles
→ Skip months of trial & error

Try it free: gethookd.ai","https://static-gp.gethookd.ai/media/ads_media/85318048/media-6db473b8c990_resized.jpg","2026-03-16T22:51:22.800Z"
"post-45","Strategy Reveal — The Advertorial Takeover","draft","Solo ecommerce founders","The brands scaling hardest on Meta right now aren't sending traffic to product pages.

They're sending to advertorials disguised as blog posts.

Look at this ad from Tiffany Mccomb: ""The Actual Problem Behind Grounding Sheets""

132 active ads. Score: 91. Landing page? A blog. Not a store.

""I bought grounding sheets twice before I realized I'd been set up to fail.""

That's a STORY. Not a product listing.

It reads like editorial content. Facebook's algorithm loves it. Users trust it. ROAS compounds.

If you're still sending cold traffic to a product page in 2025, you're leaving 2-3x ROAS on the table.

NOW GO FUCKING PRINT 🔥

2/2

Want to find ads like this instantly?

I use @GetHookdAI to spy on 21M+ winning ads across Facebook, TikTok & Google.

→ See what's converting in your niche
→ Swipe proven hooks & angles
→ Skip months of trial & error

Try it free: gethookd.ai","https://static-gp.gethookd.ai/media/ads_media/84928277/media-60b8f09d9fbb.jpg","2026-03-16T22:51:22.800Z"
"post-46","Strategy Reveal — Symptom Stacking Hooks","draft","Solo ecommerce founders","One pattern I keep seeing in winning health/supplement ads:

Symptom stacking.

Instead of one benefit, they list 3 symptoms in rapid fire:

""Over-stimulated? Can't sit still? Easily frustrated?""

That's Hellobloomkids. 85 ads. 109 days active. Score: 91.

Why 3 symptoms work:
→ 1 symptom = ""maybe that's me""
→ 2 symptoms = ""okay that's definitely me""
→ 3 symptoms = ""holy shit they're describing my kid""

The more specific the symptom stack, the higher the ""this is for ME"" reaction.

Try writing your next hook as 3 rapid-fire symptoms. Watch your CTR jump.

NOW GO FUCKING PRINT 🔥

2/2

Want to find ads like this instantly?

I use @GetHookdAI to spy on 21M+ winning ads across Facebook, TikTok & Google.

→ See what's converting in your niche
→ Swipe proven hooks & angles
→ Skip months of trial & error

Try it free: gethookd.ai","https://static-gp.gethookd.ai/media/ads_media/84922888/media-025f6d234bf1.jpg","2026-03-16T22:51:22.800Z"
"post-47","Strategy Reveal — The Habit-Attach Formula","draft","Solo ecommerce founders","The smartest positioning trick in DTC right now?

Attaching your product to a habit that already exists.

NightCare. 67 active ads. Score: 91. 36 days active.

""Use this collagen-infused massage oil after every shower.""

After. Every. Shower.

They didn't ask you to create a new routine. They slid into one you already have.

This is why ""morning coffee + [supplement]"" works.
This is why ""after your workout + [recovery product]"" works.
This is why ""before bed + [sleep product]"" works.

Don't sell a new habit. Piggyback on an existing one.

NOW GO FUCKING PRINT 🔥

2/2

Want to find ads like this instantly?

I use @GetHookdAI to spy on 21M+ winning ads across Facebook, TikTok & Google.

→ See what's converting in your niche
→ Swipe proven hooks & angles
→ Skip months of trial & error

Try it free: gethookd.ai","https://static-gp.gethookd.ai/media/ads_media/84684991/media-060bec0a866d.mp4","2026-03-16T22:51:22.800Z"
"post-48","Data List — Winning Ad Formats by Niche","draft","Solo ecommerce founders","I analyzed 50 winning ads (score 80+) on Gethookd this week.

Here's what's working by niche:

Health/Supplements → Long-form advertorial copy + video (Better Sleep: 195 ads)
Kids/Parenting → Symptom-stack hooks + DCO format (Hellobloomkids: 85 ads)
Beauty/Skincare → Habit-attach positioning + video demos (NightCare: 67 ads)
Men's Health → Objection-first headlines + image ads (Testolite: 89 ads)
Sleep → Relationship-angle hooks + video (Somnia: 198 days active)
Wellness → Investigation-style advertorials (Grounding sheets: 132 ads)

Every niche has a dominant format. Find yours before you waste budget testing blind.

NOW GO FUCKING PRINT 🔥

2/2

Want to find ads like this instantly?

I use @GetHookdAI to spy on 21M+ winning ads across Facebook, TikTok & Google.

→ See what's converting in your niche
→ Swipe proven hooks & angles
→ Skip months of trial & error

Try it free: gethookd.ai","https://static-gp.gethookd.ai/media/ads_media/84928289/media-cc85cd58494e.jpg","2026-03-16T22:51:22.800Z"
"post-49","Data Reveal — The GLP-1 Gold Rush","draft","Solo ecommerce founders","The biggest DTC trend happening right now that nobody's talking about?

GLP-1 companion products.

Ozempic and Wegovy created a MASSIVE new customer base with a MASSIVE new set of problems:

Constipation. Nausea. Muscle loss. Hair thinning.

GLP-1 SOS Supplements. 109 active Meta ads. Score: 91.

""Stuck on the toilet with GLP-1? You're not alone!""

They didn't invent a product. They invented a CATEGORY.

When a drug creates 10 million new customers with a new problem overnight — that's when you move fast.

Find the side effects. Sell the solution.

NOW GO FUCKING PRINT 🔥

2/2

Want to find ads like this instantly?

I use @GetHookdAI to spy on 21M+ winning ads across Facebook, TikTok & Google.

→ See what's converting in your niche
→ Swipe proven hooks & angles
→ Skip months of trial & error

Try it free: gethookd.ai","https://static-gp.gethookd.ai/media/ads_media/84773073/media-34884441e8f7.jpg","2026-03-16T22:51:22.800Z"
"post-50","Strategy Reveal — The Shower Filter Play","draft","Solo ecommerce founders","""Beauty starts in your shower, not your skincare.""

Read that again.

Filtered Beauty. 68 active ads. 48 days running. Score: 91.

They're selling a shower filter. A $30 shower filter.

But the positioning? ""Australia's #1 shower filter for softer skin, shinier hair and cleaner water.""

They didn't compete in the water filter market. They entered the BEAUTY market.

Same product, completely different audience, 10x the willingness to pay.

A water filter buyer compares prices.
A beauty buyer compares results.

Repositioning beats product innovation 9 times out of 10.

NOW GO FUCKING PRINT 🔥

2/2

Want to find ads like this instantly?

I use @GetHookdAI to spy on 21M+ winning ads across Facebook, TikTok & Google.

→ See what's converting in your niche
→ Swipe proven hooks & angles
→ Skip months of trial & error

Try it free: gethookd.ai","https://static-gp.gethookd.ai/media/ads_media/84417187/media-1b4b84b738a0.mp4","2026-03-16T22:51:22.800Z"
